{"cameraMode":{"drawMode":0,"name":"Shaded","section":"Shading Mode"},"sceneLighting":false,"audioPlay":false,"sceneViewState":{"m_AlwaysRefresh":false,"showFog":true,"showSkybox":false,"showFlares":true,"showImageEffects":true,"showParticleSystems":true,"showVisualEffectGraphs":true,"m_FxEnabled":true},"in2DMode":false,"pivot":{"x":1.2393836975097657,"y":1.4266012907028199,"z":-0.9713599681854248},"rotation":{"x":0.4718210697174072,"y":0.0114616509526968,"z":-0.006134192459285259,"w":0.8816025257110596},"size":5.338290214538574,"orthographic":true}