{"cameraMode":{"drawMode":0,"name":"Shaded","section":"Shading Mode"},"sceneLighting":false,"audioPlay":false,"sceneViewState":{"m_AlwaysRefresh":false,"showFog":true,"showSkybox":false,"showFlares":true,"showImageEffects":true,"showParticleSystems":true,"showVisualEffectGraphs":true,"m_FxEnabled":true},"in2DMode":false,"pivot":{"x":-0.246282160282135,"y":-0.5606701970100403,"z":-1.7359023094177247},"rotation":{"x":-0.2983713150024414,"y":0.008420782163739205,"z":-0.0026360659394413234,"w":-0.9544064402580261},"size":2.2818989753723146,"orthographic":true}