{"cameraMode":{"drawMode":0,"name":"Shaded","section":"Shading Mode"},"sceneLighting":false,"audioPlay":false,"sceneViewState":{"m_AlwaysRefresh":false,"showFog":true,"showSkybox":false,"showFlares":true,"showImageEffects":true,"showParticleSystems":true,"showVisualEffectGraphs":true,"m_FxEnabled":true},"in2DMode":false,"pivot":{"x":0.9516040086746216,"y":0.8751386404037476,"z":-0.20174768567085267},"rotation":{"x":0.5245517492294312,"y":-0.05381884425878525,"z":0.03325773403048515,"w":0.8488783836364746},"size":6.353270053863525,"orthographic":true}