{"cameraMode":{"drawMode":0,"name":"Shaded","section":"Shading Mode"},"sceneLighting":false,"audioPlay":false,"sceneViewState":{"m_AlwaysRefresh":false,"showFog":true,"showSkybox":false,"showFlares":true,"showImageEffects":true,"showParticleSystems":true,"showVisualEffectGraphs":true,"m_FxEnabled":true},"in2DMode":false,"pivot":{"x":0.9516040086746216,"y":0.8751386404037476,"z":-0.20174768567085267},"rotation":{"x":0.4958813190460205,"y":-0.014598680660128594,"z":0.008339748717844487,"w":0.8680810332298279},"size":6.353270053863525,"orthographic":true}