{"cameraMode":{"drawMode":0,"name":"Shaded","section":"Shading Mode"},"sceneLighting":false,"audioPlay":false,"sceneViewState":{"m_AlwaysRefresh":false,"showFog":true,"showSkybox":false,"showFlares":true,"showImageEffects":true,"showParticleSystems":true,"showVisualEffectGraphs":true,"m_FxEnabled":true},"in2DMode":false,"pivot":{"x":-0.4372212886810303,"y":0.01000213623046875,"z":3.0156478881835939},"rotation":{"x":-0.11384529620409012,"y":0.8044240474700928,"z":-0.5596085786819458,"w":-0.16365037858486176},"size":6.312351226806641,"orthographic":false}